ID,Name,Description,CLTS_BIPA,CLTS_Name
p_u0070,p,,p,voiceless_bilabial_stop_consonant
b_u0062,b,,b,voiced_bilabial_stop_consonant
t_u0074,t,,t,voiceless_alveolar_stop_consonant
dz_u0064u0292,dʒ,,dʒ,voiced_post-alveolar_sibilant_affricate_consonant
k_u006B,k,,k,voiceless_velar_stop_consonant
g_u0067,g,,g,voiced_velar_stop_consonant
_u0294,ʔ,,ʔ,voiceless_glottal_stop_consonant
f_u0066,f,,f,voiceless_labio-dental_fricative_consonant
s_u0073,s,,s,voiceless_alveolar_sibilant_fricative_consonant
h_u0068,h,,h,voiceless_glottal_fricative_consonant
m_u006D,m,,m,voiced_bilabial_nasal_consonant
n_u006E,n,,n,voiced_alveolar_nasal_consonant
r_u0072,r,,r,voiced_alveolar_trill_consonant
i_u0069,i,,i,unrounded_close_front_vowel
e_u025B,ɛ,,ɛ,unrounded_open-mid_front_vowel
a_u0061,a,,a,unrounded_open_front_vowel
o_u0254,ɔ,,ɔ,rounded_open-mid_back_vowel
u_u0075,u,,u,rounded_close_back_vowel
d_u0064,d,,d,voiced_alveolar_stop_consonant
ts_u0074u0283,tʃ,,tʃ,voiceless_post-alveolar_sibilant_affricate_consonant
ng_u014B,ŋ,,ŋ,voiced_velar_nasal_consonant
v_u0076,v,,v,voiced_labio-dental_fricative_consonant
th_u03B8,θ,,θ,voiceless_dental_fricative_consonant
d_u00F0,ð,,ð,voiced_dental_fricative_consonant
z_u007A,z,,z,voiced_alveolar_sibilant_fricative_consonant
s_u0283,ʃ,,ʃ,voiceless_post-alveolar_sibilant_fricative_consonant
z_u0292,ʒ,,ʒ,voiced_post-alveolar_sibilant_fricative_consonant
r_u0279,ɹ,,ɹ,voiced_alveolar_approximant_consonant
j_u006A,j,,j,voiced_palatal_approximant_consonant
w_u0077,w,,w,voiced_labio-velar_approximant_consonant
l_u006C,l,,l,voiced_alveolar_lateral_approximant_consonant
i_u026A,ɪ,,ɪ,unrounded_near-close_near-front_vowel
e_u0065,e,,e,unrounded_close-mid_front_vowel
ae_u00E6,æ,,æ,unrounded_near-open_front_vowel
a_u0251,ɑ,,ɑ,unrounded_open_back_vowel
_u028C,ʌ,,ʌ,unrounded_open-mid_back_vowel
o_u006F,o,,o,rounded_close-mid_back_vowel
u_u028A,ʊ,,ʊ,rounded_near-close_near-back_vowel
_u025A,ɚ,,ə˞,rhotacized_unrounded_mid_central_vowel
oi_u0254u026A,ɔɪ,,ɔɪ,from_rounded_open-mid_back_to_unrounded_near-close_near-front_diphthong
ai_u0061u026A,aɪ,,aɪ,from_unrounded_open_front_to_unrounded_near-close_near-front_diphthong
au_u0061u028A,aʊ,,aʊ,from_unrounded_open_front_to_rounded_near-close_near-back_diphthong
bw_u0062u02B7,bʷ,,bʷ,labialized_voiced_bilabial_stop_consonant
kw_u006Bu02B7,kʷ,,kʷ,labialized_voiceless_velar_stop_consonant
gw_u0067u02B7,gʷ,,gʷ,labialized_voiced_velar_stop_consonant
n_u0272,ɲ,,ɲ,voiced_palatal_nasal_consonant
mw_u006Du02B7,mʷ,,mʷ,labialized_voiced_bilabial_nasal_consonant
fw_u0066u02B7,fʷ,,fʷ,labialized_voiceless_labio-dental_fricative_consonant
p_u0070u02BC,pʼ,,pʼ,voiceless_bilabial_ejective_stop_consonant
t_u0074u02BC,tʼ,,tʼ,voiceless_alveolar_ejective_stop_consonant
k_u006Bu02BC,kʼ,,kʼ,voiceless_velar_ejective_stop_consonant
ts_u0074u0283u02BC,tʃʼ,,tʃʼ,voiceless_post-alveolar_ejective_sibilant_affricate_consonant
pw_u0070u02B7u02BC,pʷʼ,,pʼʷ,labialized_voiceless_bilabial_ejective_stop_consonant
kw_u006Bu02B7u02BC,kʷʼ,,kʼʷ,labialized_voiceless_velar_ejective_stop_consonant
tw_u0074u02B7u02BC,tʷʼ,,tʼʷ,labialized_voiceless_alveolar_ejective_stop_consonant
hw_u0068u02B7,hʷ,,hʷ,labialized_voiceless_glottal_fricative_consonant
s_u0073u02BC,sʼ,,sʼ,voiceless_alveolar_ejective_sibilant_fricative_consonant
b_u0062u02D0,bː,,bː,long_voiced_bilabial_stop_consonant
t_u0074u02D0,tː,,tː,long_voiceless_alveolar_stop_consonant
d_u0064u02D0,dː,,dː,long_voiced_alveolar_stop_consonant
ts_u0074u0283u02D0,tʃː,,tʃː,long_voiceless_post-alveolar_sibilant_affricate_consonant
dz_u0064u0292u02D0,dʒː,,dʒː,long_voiced_post-alveolar_sibilant_affricate_consonant
k_u006Bu02D0,kː,,kː,long_voiceless_velar_stop_consonant
g_u0067u02D0,gː,,gː,long_voiced_velar_stop_consonant
bw_u0062u02B7u02D0,bʷː,,bʷː,labialized_long_voiced_bilabial_stop_consonant
kw_u006Bu02B7u02D0,kʷː,,kʷː,labialized_long_voiceless_velar_stop_consonant
gw_u0067u02B7u02D0,gʷː,,gʷː,labialized_long_voiced_velar_stop_consonant
m_u006Du02D0,mː,,mː,long_voiced_bilabial_nasal_consonant
n_u006Eu02D0,nː,,nː,long_voiced_alveolar_nasal_consonant
n_u0272u02D0,ɲː,,ɲː,long_voiced_palatal_nasal_consonant
ng_u014Bu02D0,ŋː,,ŋː,long_voiced_velar_nasal_consonant
mw_u006Du02B7u02D0,mʷː,,mʷː,labialized_long_voiced_bilabial_nasal_consonant
f_u0066u02D0,fː,,fː,long_voiceless_labio-dental_fricative_consonant
s_u0073u02D0,sː,,sː,long_voiceless_alveolar_sibilant_fricative_consonant
z_u007Au02D0,zː,,zː,long_voiced_alveolar_sibilant_fricative_consonant
s_u0283u02D0,ʃː,,ʃː,long_voiceless_post-alveolar_sibilant_fricative_consonant
z_u0292u02D0,ʒː,,ʒː,long_voiced_post-alveolar_sibilant_fricative_consonant
fw_u0066u02B7u02D0,fʷː,,fʷː,labialized_long_voiceless_labio-dental_fricative_consonant
r_u0072u02D0,rː,,rː,long_voiced_alveolar_trill_consonant
w_u0077u02D0,wː,,wː,long_voiced_labio-velar_approximant_consonant
j_u006Au02D0,jː,,jː,long_voiced_palatal_approximant_consonant
l_u006Cu02D0,lː,,lː,long_voiced_alveolar_lateral_approximant_consonant
p_u0070u02BCu02D0,pʼː,,pʼː,long_voiceless_bilabial_ejective_stop_consonant
t_u0074u02BCu02D0,tʼː,,tʼː,long_voiceless_alveolar_ejective_stop_consonant
ts_u0074u0283u02BCu02D0,tʃʼː,,tʃʼː,long_voiceless_post-alveolar_ejective_sibilant_affricate_consonant
kw_u006Bu02B7u02BCu02D0,kʷʼː,,kʼʷː,labialized_long_voiceless_velar_ejective_stop_consonant
sw_u0073u02B7u02D0,sʷː,,sʷː,labialized_long_voiceless_alveolar_sibilant_fricative_consonant
_u0259,ə,,ə,unrounded_mid_central_vowel
i_u0268,ɨ,,ɨ,unrounded_close_central_vowel
q_u0071,q,,q,voiceless_uvular_stop_consonant
x_u0078,x,,x,voiceless_velar_fricative_consonant
g_u0263,ɣ,,ɣ,voiced_velar_fricative_consonant
h_u0127,ħ,,ħ,voiceless_pharyngeal_fricative_consonant
_u0295,ʕ,,ʕ,voiced_pharyngeal_fricative_consonant
t_u0074u02E4,tˤ,,tˤ,pharyngealized_voiceless_alveolar_stop_consonant
d_u0064u02E4,dˤ,,dˤ,pharyngealized_voiced_alveolar_stop_consonant
s_u0073u02E4,sˤ,,sˤ,pharyngealized_voiceless_alveolar_sibilant_fricative_consonant
d_u00F0u02E4,ðˤ,,ðˤ,pharyngealized_voiced_dental_fricative_consonant
l_u006Cu02E4,lˤ,,lˤ,pharyngealized_voiced_alveolar_lateral_approximant_consonant
a_u0061u02D0,aː,,aː,long_unrounded_open_front_vowel
ij_u0069u006A,ij,,,
au_u0061u0075,au,,au,from_unrounded_open_front_to_rounded_close_back_diphthong
aw_u0061u0077,aw,,,
uw_u0075u0077,uw,,,
ph_u0070u02B0,pʰ,,pʰ,aspirated_voiceless_bilabial_stop_consonant
bh_u0062u02B0,bʰ,,bʰ,aspirated_voiced_bilabial_stop_consonant
th_u0074u02B0,tʰ,,tʰ,aspirated_voiceless_alveolar_stop_consonant
dh_u0064u02B0,dʰ,,dʰ,aspirated_voiced_alveolar_stop_consonant
kh_u006Bu02B0,kʰ,,kʰ,aspirated_voiceless_velar_stop_consonant
gh_u0067u02B0,gʰ,,gʰ,aspirated_voiced_velar_stop_consonant
i_u0069u02D0,iː,,iː,long_unrounded_close_front_vowel
a_u0250u02D0,ɐː,,ɐː,long_unrounded_near-open_central_vowel
a_u0250,ɐ,,ɐ,unrounded_near-open_central_vowel
o_u006Fu02D0,oː,,oː,long_rounded_close-mid_back_vowel
u_u0289u02D0,ʉː,,ʉː,long_rounded_close_central_vowel
e_u025Cu02D0,ɜː,,ɜː,long_unrounded_open-mid_central_vowel
aei_u00E6u026A,æɪ,,æɪ,from_unrounded_near-open_front_to_unrounded_near-close_near-front_diphthong
ae_u0251u0065,ɑe,,ɑe,from_unrounded_open_back_to_unrounded_close-mid_front_diphthong
aeo_u00E6u0254,æɔ,,æɔ,from_unrounded_near-open_front_to_rounded_open-mid_back_diphthong
u_u0259u0289,əʉ,,əʉ,from_unrounded_mid_central_to_rounded_close_central_diphthong
oi_u006Fu026A,oɪ,,oɪ,from_rounded_close-mid_back_to_unrounded_near-close_near-front_diphthong
i_u026Au0259,ɪə,,ɪə,from_unrounded_near-close_near-front_to_unrounded_mid_central_diphthong
e_u0065u02D0,eː,,eː,long_unrounded_close-mid_front_vowel
c_u0063,c,,c,voiceless_palatal_stop_consonant
j_u025F,ɟ,,ɟ,voiced_palatal_stop_consonant
ts_u0074u0073,ts,,ts,voiceless_alveolar_sibilant_affricate_consonant
dz_u0064u007A,dz,,dz,voiced_alveolar_sibilant_affricate_consonant
r_u027E,ɾ,,ɾ,voiced_alveolar_tap_consonant
y_u0079,y,,y,rounded_close_front_vowel
w_u026F,ɯ,,ɯ,unrounded_close_back_vowel
oe_u0153,œ,,œ,rounded_open-mid_front_vowel
t_u0288,ʈ,,ʈ,voiceless_retroflex_stop_consonant
n_u0273,ɳ,,ɳ,voiced_retroflex_nasal_consonant
l_u026D,ɭ,,ɭ,voiced_retroflex_lateral_approximant_consonant
y_u028E,ʎ,,ʎ,voiced_palatal_lateral_approximant_consonant
r_u027B,ɻ,,ɻ,voiced_retroflex_approximant_consonant
u_u0075u02D0,uː,,uː,long_rounded_close_back_vowel
b_u0253,ɓ,,ɓ,voiced_bilabial_implosive_consonant
nb_u207Fu0062,ⁿb,,ⁿb,pre-nasalized_voiced_bilabial_stop_consonant
nd_u207Fu0064,ⁿd,,ⁿd,pre-nasalized_voiced_alveolar_stop_consonant
ndz_u207Fu0064u0292,ⁿdʒ,,ⁿdʒ,pre-nasalized_voiced_post-alveolar_affricate_consonant
ng_u207Fu0067,ⁿg,,ⁿg,pre-nasalized_voiced_velar_stop_consonant
ngw_u014Bu02B7,ŋʷ,,ŋʷ,labialized_voiced_velar_nasal_consonant
r_u027Eu0325,ɾ̥,,ɾ̥,devoiced_voiced_alveolar_tap_consonant
f_u0278,ɸ,,ɸ,voiceless_bilabial_fricative_consonant
b_u03B2,β,,β,voiced_bilabial_fricative_consonant
kh_u03C7,χ,,χ,voiceless_uvular_fricative_consonant
h_u0266,ɦ,,ɦ,voiced_glottal_fricative_consonant
e_u025Bu02D0,ɛː,,ɛː,long_unrounded_open-mid_front_vowel
o_u0254u02D0,ɔː,,ɔː,long_rounded_open-mid_back_vowel
s_u0282,ʂ,,ʂ,voiceless_retroflex_sibilant_fricative_consonant
ts_u0074u0282,tʂ,,ʈʂ,voiceless_retroflex_sibilant_affricate_consonant
r_u0281,ʁ,,ʁ,voiced_uvular_fricative_consonant
ai_u0061u0069,ai,,ai,from_unrounded_open_front_to_unrounded_close_front_diphthong
ei_u0065u0069,ei,,ei,from_unrounded_close-mid_front_to_unrounded_close_front_diphthong
oi_u006Fu0069,oi,,oi,from_rounded_close-mid_back_to_unrounded_close_front_diphthong
ui_u0075u0069,ui,,ui,from_rounded_close_back_to_unrounded_close_front_diphthong
eu_u0065u0075,eu,,eu,from_unrounded_close-mid_front_to_rounded_close_back_diphthong
r_u0280,ʀ,,ʀ,voiced_uvular_trill_consonant
b_u03B2u031E,β̞,,β̞,voiced_bilabial_approximant_consonant
y_u028F,ʏ,,ʏ,rounded_near-close_near-front_vowel
y_u0079u02D0,yː,,yː,long_rounded_close_front_vowel
o_u00F8u02D0,øː,,øː,long_rounded_close-mid_front_vowel
oe_u0153u02D0,œː,,œː,long_rounded_open-mid_front_vowel
ae_u00E6u02D0,æː,,æː,long_unrounded_near-open_front_vowel
a_u0251u02D0,ɑː,,ɑː,long_unrounded_open_back_vowel
i_u026Au02D0,ɪː,,ɪː,long_unrounded_near-close_near-front_vowel
ei_u025Bu0069u02D0,ɛiː,,ɛiː,from_unrounded_open-mid_front_to_long_unrounded_close_front_diphthong
au_u0251u0075u02D0,ɑuː,,ɑuː,from_unrounded_open_back_to_long_rounded_close_back_diphthong
ou_u0254u0075u02D0,ɔuː,,ɔuː,from_rounded_open-mid_back_to_long_rounded_close_back_diphthong
oey_u0153u0079u02D0,œyː,,œyː,from_rounded_open-mid_front_to_long_rounded_close_front_diphthong
i_u0069u02D0u0259,iːə,,iːə,from_long_unrounded_close_front_to_unrounded_mid_central_diphthong
y_u0079u02D0u0259,yːə,,yːə,from_long_rounded_close_front_to_unrounded_mid_central_diphthong
u_u0075u02D0u0259,uːə,,uːə,from_long_rounded_close_back_to_unrounded_mid_central_diphthong
o_u006Fu02D0u0259,oːə,,oːə,from_long_rounded_close-mid_back_to_unrounded_mid_central_diphthong
o_u0254u02D0u0259,ɔːə,,ɔːə,from_long_rounded_open-mid_back_to_unrounded_mid_central_diphthong
ej_u025Bu006A,ɛj,,,
oey_u0153u0079,œy,,œy,from_rounded_open-mid_front_to_rounded_close_front_diphthong
ou_u0254u0075,ɔu,,ɔu,from_rounded_open-mid_back_to_rounded_close_back_diphthong
mp_u006Du0070,mp,,mp,from_voiced_bilabial_nasal_to_voiceless_bilabial_stop_cluster
mb_u006Du0062,mb,,mb,from_voiced_bilabial_nasal_to_voiced_bilabial_stop_cluster
nt_u006Eu0074,nt,,nt,from_voiced_alveolar_nasal_to_voiceless_alveolar_stop_cluster
nd_u006Eu0064,nd,,nd,from_voiced_alveolar_nasal_to_voiced_alveolar_stop_cluster
ngk_u014Bu006B,ŋk,,ŋk,from_voiced_velar_nasal_to_voiceless_velar_stop_cluster
ngg_u014Bu0067,ŋg,,ŋg,from_voiced_velar_nasal_to_voiced_velar_stop_cluster
mf_u006Du0066,mf,,,
ns_u006Eu0073,ns,,,
ns_u006Eu0283,nʃ,,,
nts_u006Eu0074u0283,ntʃ,,ntʃ,from_voiced_alveolar_nasal_to_voiceless_post-alveolar_sibilant_affricate_cluster
ndz_u006Eu0064u0292,ndʒ,,ndʒ,from_voiced_alveolar_nasal_to_voiced_post-alveolar_sibilant_affricate_cluster
bh_u0062u02B1,bʱ,,bʱ,breathy_voiced_bilabial_stop_consonant
t_u0074u032A,t̪,,t̪,voiceless_dental_stop_consonant
d_u0064u032A,d̪,,d̪,voiced_dental_stop_consonant
th_u0074u032Au02B0,t̪ʰ,,t̪ʰ,aspirated_voiceless_dental_stop_consonant
dh_u0064u032Au02B1,d̪ʱ,,d̪ʱ,breathy_voiced_dental_stop_consonant
dh_u0064u02B1,dʱ,,dʱ,breathy_voiced_alveolar_stop_consonant
gh_u0067u02B1,gʱ,,gʱ,breathy_voiced_velar_stop_consonant
tc_u0074u0320u0255,t̠ɕ,,,
dz_u0064u0320u0291,d̠ʑ,,,
tch_u0074u0320u0255u02B0,t̠ɕʰ,,,
dzh_u0064u0320u0291u02B1,d̠ʑʱ,,,
p_u0070u02D0,pː,,pː,long_voiceless_bilabial_stop_consonant
bh_u0062u02B1u02D0,bʱː,,bʱː,long_breathy_voiced_bilabial_stop_consonant
t_u0074u032Au02D0,t̪ː,,t̪ː,long_voiceless_dental_stop_consonant
d_u0064u032Au02D0,d̪ː,,d̪ː,long_voiced_dental_stop_consonant
th_u0074u032Au02B0u02D0,t̪ʰː,,t̪ʰː,aspirated_long_voiceless_dental_stop_consonant
dh_u0064u032Au02B1u02D0,d̪ʱː,,d̪ʱː,long_breathy_voiced_dental_stop_consonant
th_u0074u02B0u02D0,tʰː,,tʰː,aspirated_long_voiceless_alveolar_stop_consonant
dh_u0064u02B1u02D0,dʱː,,dʱː,long_breathy_voiced_alveolar_stop_consonant
kh_u006Bu02B0u02D0,kʰː,,kʰː,aspirated_long_voiceless_velar_stop_consonant
gh_u0067u02B1u02D0,gʱː,,gʱː,long_breathy_voiced_velar_stop_consonant
tc_u0074u0320u0255u02D0,t̠ɕː,,,
tch_u0074u0320u0255u02B0u02D0,t̠ɕʰː,,,
dz_u0064u0320u0291u02D0,d̠ʑː,,,
dzh_u0064u0320u0291u02B1u02D0,d̠ʑʱː,,,
h_u0068u02D0,hː,,hː,long_voiceless_glottal_fricative_consonant
r_u0279u02D0,ɹː,,ɹː,long_voiced_alveolar_approximant_consonant
iw_u0069u0077,iw,,,
ej_u0065u006A,ej,,,
ew_u0065u0077,ew,,,
ee_u025Bu0065u032F,ɛe̯,,ɛe̯,from_unrounded_open-mid_front_to_non-syllabic_unrounded_close-mid_front_diphthong
eo_u025Bu006Fu032F,ɛo̯,,ɛo̯,from_unrounded_open-mid_front_to_non-syllabic_rounded_close-mid_back_diphthong
aj_u0061u006A,aj,,,
ae_u0061u0065u032F,ae̯,,ae̯,from_unrounded_open_front_to_non-syllabic_unrounded_close-mid_front_diphthong
ao_u0061u006Fu032F,ao̯,,ao̯,from_unrounded_open_front_to_non-syllabic_rounded_close-mid_back_diphthong
oe_u0254u0065u032F,ɔe̯,,ɔe̯,from_rounded_open-mid_back_to_non-syllabic_unrounded_close-mid_front_diphthong
oo_u0254u006Fu032F,ɔo̯,,ɔo̯,from_rounded_open-mid_back_to_non-syllabic_rounded_close-mid_back_diphthong
oj_u006Fu006A,oj,,,
oe_u006Fu0065u032F,oe̯,,oe̯,from_rounded_close-mid_back_to_non-syllabic_unrounded_close-mid_front_diphthong
ow_u006Fu0077,ow,,,
oo_u006Fu006Fu032F,oo̯,,oo̯,from_rounded_close-mid_back_to_non-syllabic_rounded_close-mid_back_diphthong
uj_u0075u006A,uj,,,
e_u0065u0324,e̤,,e̤,breathy_unrounded_close-mid_front_vowel
i_u0069u0303,ĩ,,ĩ,nasalized_unrounded_close_front_vowel
e_u0065u0303,ẽ,,ẽ,nasalized_unrounded_close-mid_front_vowel
a_u0250u0303,ɐ̃,,ɐ̃,nasalized_unrounded_near-open_central_vowel
o_u006Fu0303,õ,,õ,nasalized_rounded_close-mid_back_vowel
u_u0075u0303,ũ,,ũ,nasalized_rounded_close_back_vowel
o_u0275,ɵ,,ɵ,rounded_close-mid_central_vowel
o_u00F8,ø,,ø,rounded_close-mid_front_vowel
a_u0251u0303,ɑ̃,,ɑ̃,nasalized_unrounded_open_back_vowel
y_u0265,ɥ,,ɥ,voiced_labio-palatal_approximant_consonant
w_u0077u0303,w̃,,w̃,nasalized_voiced_labio-velar_approximant_consonant
a_u0061u0303,ã,,ã,nasalized_unrounded_open_front_vowel
ea_u0065u0061,ea,,ea,from_unrounded_close-mid_front_to_unrounded_open_front_diphthong
ea_u0065u0061u02D0,eaː,,eaː,from_unrounded_close-mid_front_to_long_unrounded_open_front_diphthong
eo_u0065u006F,eo,,eo,from_unrounded_close-mid_front_to_rounded_close-mid_back_diphthong
eo_u0065u006Fu02D0,eoː,,eoː,from_unrounded_close-mid_front_to_long_rounded_close-mid_back_diphthong
ea_u0065u0061u0303,eã,,eã,from_unrounded_close-mid_front_to_nasalized_unrounded_open_front_diphthong
oy_u00F8u0079,øy,,øy,from_rounded_close-mid_front_to_rounded_close_front_diphthong
ou_u006Fu0075,ou,,ou,from_rounded_close-mid_back_to_rounded_close_back_diphthong
ae_u0061u0065,ae,,ae,from_unrounded_open_front_to_unrounded_close-mid_front_diphthong
a_u0252,ɒ,,ɒ,rounded_open_back_vowel
ei_u0065u026A,eɪ,,eɪ,from_unrounded_close-mid_front_to_unrounded_near-close_near-front_diphthong
oi_u0254u0069,ɔi,,ɔi,from_rounded_open-mid_back_to_unrounded_close_front_diphthong
u_u0259u028A,əʊ,,əʊ,from_unrounded_mid_central_to_rounded_near-close_near-back_diphthong
e_u0065u0259,eə,,eə,from_unrounded_close-mid_front_to_unrounded_mid_central_diphthong
u_u028Au0259,ʊə,,ʊə,from_rounded_near-close_near-back_to_unrounded_mid_central_diphthong
c_u0255,ɕ,,ɕ,voiceless_alveolo-palatal_sibilant_fricative_consonant
z_u0291,ʑ,,ʑ,voiced_alveolo-palatal_sibilant_fricative_consonant
tc_u0074u0255,tɕ,,tɕ,voiceless_alveolo-palatal_sibilant_affricate_consonant
dz_u0064u0291,dʑ,,dʑ,voiced_alveolo-palatal_sibilant_affricate_consonant
u_u0264,ɤ,,ɤ,unrounded_close-mid_back_vowel
tsh_u0074u0283u02B0,tʃʰ,,tʃʰ,aspirated_voiceless_post-alveolar_sibilant_affricate_consonant
m_u006Du0325,m̥,,m̥,devoiced_voiced_bilabial_nasal_consonant
n_u006Eu0325,n̥,,n̥,devoiced_voiced_alveolar_nasal_consonant
n_u0272u0325,ɲ̥,,ɲ̊,devoiced_voiced_palatal_nasal_consonant
ng_u014Bu030A,ŋ̊,,ŋ̊,devoiced_voiced_velar_nasal_consonant
sh_u0073u02B0,sʰ,,sʰ,aspirated_voiceless_alveolar_sibilant_fricative_consonant
w_u028D,ʍ,,ʍ,voiceless_labio-velar_approximant_consonant
l_u026C,ɬ,,ɬ,voiceless_alveolar_lateral_fricative_consonant
ou_u006Fu028A,oʊ,,oʊ,from_rounded_close-mid_back_to_rounded_near-close_near-back_diphthong
i_u026Au0303,ɪ̃,,ɪ̃,nasalized_unrounded_near-close_near-front_vowel
u_u028Au0303,ʊ̃,,ʊ̃,nasalized_rounded_near-close_near-back_vowel
ei_u0065u026Au0303,eɪ̃,,eɪ̃,from_unrounded_close-mid_front_to_nasalized_unrounded_near-close_near-front_diphthong
ai_u0061u026Au0303,aɪ̃,,aɪ̃,from_unrounded_open_front_to_nasalized_unrounded_near-close_near-front_diphthong
au_u0061u028Au0303,aʊ̃,,aʊ̃,from_unrounded_open_front_to_nasalized_rounded_near-close_near-back_diphthong
ou_u006Fu028Au0303,oʊ̃,,oʊ̃,from_rounded_close-mid_back_to_nasalized_rounded_near-close_near-back_diphthong
tc_u0074u0063u0327,tç,,,
dj_u0064u029D,dʝ,,,
y_u0079u0303,ỹ,,ỹ,nasalized_rounded_close_front_vowel
jj_u025Fu029D,ɟʝ,,ɟʝ,voiced_palatal_affricate_consonant
je_u006Au0065,je,,,
ja_u006Au0061,ja,,,
jo_u006Au006F,jo,,,
ju_u006Au0075,ju,,,
wi_u0077u0069,wi,,,
we_u0077u0065,we,,,
wa_u0077u0061,wa,,,
wo_u0077u006F,wo,,,
tj_u0074u02B2,tʲ,,tʲ,palatalized_voiceless_alveolar_stop_consonant
n_u006Eu032A,n̪,,n̪,voiced_dental_nasal_consonant
nj_u006Eu02B2,nʲ,,nʲ,palatalized_voiced_alveolar_nasal_consonant
pm_u0070u006D,pm,,,
tn_u1D57u032Au006Eu032A,ᵗ̪n̪,,,
tjnj_u0074u02B2u006Eu02B2,tʲnʲ,,,
tn_u1D57u006E,ᵗn,,,
tn_u0288u0273,ʈɳ,,,
kng_u006Bu014B,kŋ,,,
l_u006Cu032A,l̪,,l̪,voiced_dental_lateral_approximant_consonant
lj_u006Cu02B2,lʲ,,lʲ,palatalized_voiced_alveolar_lateral_approximant_consonant
w_u0270,ɰ,,ɰ,voiced_velar_approximant_consonant
pw_u0070u02B7,pʷ,,pʷ,labialized_voiceless_bilabial_stop_consonant
tw_u0074u032Au02B7,t̪ʷ,,t̪ʷ,labialized_voiceless_dental_stop_consonant
lw_u006Cu032Au02B7,l̪ʷ,,l̪ʷ,labialized_voiced_dental_lateral_approximant_consonant
tjw_u0074u02B2u02B7,tʲʷ,,tʲʷ,palatalized_labialized_voiceless_alveolar_stop_consonant
njw_u006Eu02B2u02B7,nʲʷ,,nʲʷ,palatalized_labialized_voiced_alveolar_nasal_consonant
ljw_u006Cu02B2u02B7,lʲʷ,,lʲʷ,palatalized_labialized_voiced_alveolar_lateral_approximant_consonant
jw_u006Au02B7,jʷ,,jʷ,labialized_voiced_palatal_approximant_consonant
tw_u0074u02B7,tʷ,,tʷ,labialized_voiceless_alveolar_stop_consonant
nw_u006Eu02B7,nʷ,,nʷ,labialized_voiced_alveolar_nasal_consonant
tnw_u1D57u006Eu02B7,ᵗnʷ,,,
lw_u006Cu02B7,lʷ,,lʷ,labialized_voiced_alveolar_lateral_approximant_consonant
rw_u027Eu02B7,ɾʷ,,ɾʷ,labialized_voiced_alveolar_tap_consonant
tw_u0288u02B7,ʈʷ,,ʈʷ,labialized_voiceless_retroflex_stop_consonant
nw_u0273u02B7,ɳʷ,,ɳʷ,labialized_voiced_retroflex_nasal_consonant
tnw_u0288u0273u02B7,ʈɳʷ,,,
lw_u026Du02B7,ɭʷ,,ɭʷ,labialized_voiced_retroflex_lateral_approximant_consonant
rw_u027Bu02B7,ɻʷ,,ɻʷ,labialized_voiced_retroflex_approximant_consonant
kngw_u006Bu014Bu02B7,kŋʷ,,,
p_u0070u003A,p:,,pː,long_voiceless_bilabial_stop_consonant
b_u0062u003A,b:,,bː,long_voiced_bilabial_stop_consonant
t_u0074u032Au003A,t̪:,,t̪ː,long_voiceless_dental_stop_consonant
d_u0064u003A,d:,,dː,long_voiced_alveolar_stop_consonant
dz_u0064u003Au0292,d:ʒ,,,
k_u006Bu003A,k:,,kː,long_voiceless_velar_stop_consonant
g_u0067u003A,g:,,gː,long_voiced_velar_stop_consonant
m_u006Du003A,m:,,mː,long_voiced_bilabial_nasal_consonant
n_u006Eu003A,n:,,nː,long_voiced_alveolar_nasal_consonant
ng_u014Bu003A,ŋ:,,ŋː,long_voiced_velar_nasal_consonant
s_u0073u003A,s:,,sː,long_voiceless_alveolar_sibilant_fricative_consonant
j_u006Au003A,j:,,jː,long_voiced_palatal_approximant_consonant
l_u006Cu003A,l:,,lː,long_voiced_alveolar_lateral_approximant_consonant
i_u0069u003A,i:,,iː,long_unrounded_close_front_vowel
ng_u006Eu0067,ng,,ng,from_voiced_alveolar_nasal_to_voiced_velar_stop_cluster
z_u0290,ʐ,,ʐ,voiced_retroflex_sibilant_fricative_consonant
j_u006Au0303,j̃,,j̃,nasalized_voiced_palatal_approximant_consonant
w_u026Fu0303,ɯ̃,,ɯ̃,nasalized_unrounded_close_back_vowel
l_u026Cu02D0,ɬː,,ɬː,long_voiceless_alveolar_lateral_fricative_consonant
i_u0069u02D1,iˑ,,iˑ,mid-long_unrounded_close_front_vowel
a_u0061u02D1,aˑ,,aˑ,mid-long_unrounded_open_front_vowel
o_u006Fu02D1,oˑ,,oˑ,mid-long_rounded_close-mid_back_vowel
i_u0069u0303u02D0,ĩː,,ĩː,long_nasalized_unrounded_close_front_vowel
a_u0061u0303u02D0,ãː,,ãː,long_nasalized_unrounded_open_front_vowel
o_u006Fu0303u02D0,õː,,õː,long_nasalized_rounded_close-mid_back_vowel
kwh_u006Bu02B7u02B0,kʷʰ,,kʷʰ,labialized_aspirated_voiceless_velar_stop_consonant
tsh_u0074u0073u02B0,tsʰ,,tsʰ,aspirated_voiceless_alveolar_sibilant_affricate_consonant
o_u0275u02D0,ɵː,,ɵː,long_rounded_close-mid_central_vowel
ai_u0061u02D0u0069,aːi,,aːi,from_long_unrounded_open_front_to_unrounded_close_front_diphthong
ai_u0250u0069,ɐi,,ɐi,from_unrounded_near-open_central_to_unrounded_close_front_diphthong
au_u0061u02D0u0075,aːu,,aːu,from_long_unrounded_open_front_to_rounded_close_back_diphthong
au_u0250u0075,ɐu,,ɐu,from_unrounded_near-open_central_to_rounded_close_back_diphthong
oy_u0275u0079,ɵy,,ɵy,from_rounded_close-mid_central_to_rounded_close_front_diphthong
oi_u0254u02D0u0069,ɔːi,,ɔːi,from_long_rounded_open-mid_back_to_unrounded_close_front_diphthong
ui_u0075u02D0u0069,uːi,,uːi,from_long_rounded_close_back_to_unrounded_close_front_diphthong
iu_u0069u0075,iu,,iu,from_unrounded_close_front_to_rounded_close_back_diphthong
iu_u0069u02D0u0075,iːu,,iːu,from_long_unrounded_close_front_to_rounded_close_back_diphthong
j_u029Du031E,ʝ̞,,ʝ̞,lowered_voiced_palatal_fricative_consonant
ei_u0065u0069u032F,ei̯,,ei̯,from_unrounded_close-mid_front_to_non-syllabic_unrounded_close_front_diphthong
ai_u0061u0069u032F,ai̯,,ai̯,from_unrounded_open_front_to_non-syllabic_unrounded_close_front_diphthong
oi_u006Fu0069u032F,oi̯,,oi̯,from_rounded_close-mid_back_to_non-syllabic_unrounded_close_front_diphthong
ui_u0075u0069u032F,ui̯,,ui̯,from_rounded_close_back_to_non-syllabic_unrounded_close_front_diphthong
eu_u0065u0075u032F,eu̯,,eu̯,from_unrounded_close-mid_front_to_non-syllabic_rounded_close_back_diphthong
au_u0061u0075u032F,au̯,,au̯,from_unrounded_open_front_to_non-syllabic_rounded_close_back_diphthong
ou_u006Fu0075u032F,ou̯,,ou̯,from_rounded_close-mid_back_to_non-syllabic_rounded_close_back_diphthong
jai_u006Au0061u0069u032F,jai̯,,,
jau_u006Au0061u0075u032F,jau̯,,,
jeu_u006Au0065u0075u032F,jeu̯,,,
wei_u0077u0065u0069u032F,wei̯,,,
wai_u0077u0061u0069u032F,wai̯,,,
w_u0294u02B7,ʔʷ,,ʔʷ,labialized_voiceless_glottal_stop_consonant
j_u0294u02B2,ʔʲ,,ʔʲ,palatalized_voiceless_glottal_stop_consonant
d_u0257,ɗ,,ɗ,voiced_dental_implosive_consonant
hj_u0068u02B2,hʲ,,hʲ,palatalized_voiceless_glottal_fricative_consonant
_u0294u003A,ʔ:,,ʔː,long_voiceless_glottal_stop_consonant
w_u0294u02B7u02D0,ʔʷː,,ʔʷː,labialized_long_voiceless_glottal_stop_consonant
j_u0294u02B2u02D0,ʔʲː,,ʔʲː,palatalized_long_voiceless_glottal_stop_consonant
b_u0253u02D0,ɓː,,ɓː,long_voiced_bilabial_implosive_consonant
d_u0257u02D0,ɗː,,ɗː,long_voiced_dental_implosive_consonant
r_u027Eu02D0,ɾː,,ɾː,long_voiced_alveolar_tap_consonant
v_u0076u02D0,vː,,vː,long_voiced_labio-dental_fricative_consonant
hw_u0068u02B7u02D0,hʷː,,hʷː,labialized_long_voiceless_glottal_fricative_consonant
hj_u0068u02B2u02D0,hʲː,,hʲː,palatalized_long_voiceless_glottal_fricative_consonant
e_u0065u0303u02D0,ẽː,,ẽː,long_nasalized_unrounded_close-mid_front_vowel
o_u0254u0303,ɔ̃,,ɔ̃,nasalized_rounded_open-mid_back_vowel
o_u0254u0303u02D0,ɔ̃ː,,ɔ̃ː,long_nasalized_rounded_open-mid_back_vowel
u_u0075u0303u02D0,ũː,,ũː,long_nasalized_rounded_close_back_vowel
v_u028B,ʋ,,ʋ,voiced_labio-dental_approximant_consonant
ie_u0069u0065,ie,,ie,from_unrounded_close_front_to_unrounded_close-mid_front_diphthong
r_u0072u031D,r̝,,r̝,raised_voiced_alveolar_trill_consonant
eu_u025Bu0075,ɛu,,ɛu,from_unrounded_open-mid_front_to_rounded_close_back_diphthong
b_u0062u0325,b̥,,b̥,devoiced_voiced_bilabial_stop_consonant
d_u0064u0325,d̥,,d̥,devoiced_voiced_alveolar_stop_consonant
g_u0067u030A,g̊,,g̊,devoiced_voiced_velar_stop_consonant
m_u006Du02E4,mˤ,,mˤ,pharyngealized_voiced_bilabial_nasal_consonant
n_u006Eu02E4,nˤ,,nˤ,pharyngealized_voiced_alveolar_nasal_consonant
ng_u014Bu02E4,ŋˤ,,ŋˤ,pharyngealized_voiced_velar_nasal_consonant
oe_u0153u031E,œ̞,,œ̞,lowered_rounded_open-mid_front_vowel
oe_u0276,ɶ,,ɶ,rounded_open_front_vowel
o_u006Fu02D0u02E4,oːˤ,,oˤː,long_pharyngealized_rounded_close-mid_back_vowel
o_u0254u02D0u02E4,ɔːˤ,,ɔˤː,long_pharyngealized_rounded_open-mid_back_vowel
a_u0251u02D0u02E4,ɑːˤ,,ɑˤː,long_pharyngealized_unrounded_open_back_vowel
e_u0065u02D0u02E4,eːˤ,,eˤː,long_pharyngealized_unrounded_close-mid_front_vowel
ae_u00E6u02D0u02E4,æːˤ,,æˤː,long_pharyngealized_unrounded_near-open_front_vowel
i_u028Cu0069,ʌi,,ʌi,from_unrounded_open-mid_back_to_unrounded_close_front_diphthong
ei_u025Bu0069,ɛi,,ɛi,from_unrounded_open-mid_front_to_unrounded_close_front_diphthong
oi_u00F8u026A,øɪ,,øɪ,from_rounded_close-mid_front_to_unrounded_near-close_near-front_diphthong
ui_u0075u026A,uɪ,,uɪ,from_rounded_close_back_to_unrounded_near-close_near-front_diphthong
ae_u00E6u0303u02D0,æ̃ː,,æ̃ː,long_nasalized_unrounded_near-open_front_vowel
oe_u0153u0303u02D0,œ̃ː,,œ̃ː,long_nasalized_rounded_open-mid_front_vowel
a_u0251u0303u02D0,ɑ̃ː,,ɑ̃ː,long_nasalized_unrounded_open_back_vowel
i_u0069u0259,iə,,iə,from_unrounded_close_front_to_unrounded_mid_central_diphthong
y_u0079u0259,yə,,yə,from_rounded_close_front_to_unrounded_mid_central_diphthong
u_u0075u0259,uə,,uə,from_rounded_close_back_to_unrounded_mid_central_diphthong
u_u028Cu0075,ʌu,,ʌu,from_unrounded_open-mid_back_to_rounded_close_back_diphthong
kp_u006Bu0070,kp,,kp,voiceless_velar-and-bilabial_stop_consonant
gb_u0067u0062,gb,,gb,voiced_velar-and-bilabial_stop_consonant
j_u0284,ʄ,,ʄ,voiced_palatal_implosive_consonant
g_u0260,ɠ,,ɠ,voiced_velar_implosive_consonant
gb_u0260u0253,ɠɓ,,ɠɓ,voiced_velar-and-bilabial_implosive_consonant
nph_u004Eu0070u02B0,Npʰ,,,
nb_u004Eu0062,Nb,,,
nth_u004Eu0074u02B0,Ntʰ,,,
nd_u004Eu0064,Nd,,,
nkh_u004Eu006Bu02B0,Nkʰ,,,
ng_u004Eu0067,Ng,,,
ts_u0074u032Au0073u032A,t̪s̪,,ts̪,voiceless_dental_sibilant_affricate_consonant
tsh_u0074u032Au0073u032Au02B0,t̪s̪ʰ,,ts̪ʰ,aspirated_voiceless_dental_sibilant_affricate_consonant
dz_u0064u032Au007Au032A,d̪z̪,,dz̪,voiced_dental_sibilant_affricate_consonant
ntsh_u004Eu0074u032Au0073u032Au02B0,Nt̪s̪ʰ,,,
ndz_u004Eu0064u032Au007Au032A,Nd̪z̪,,,
ts_u0074u033Bu0073u033B,t̻s̻,,ts̻,voiceless_laminal_alveolar_sibilant_affricate_consonant
tsh_u0074u033Bu0073u033Bu02B0,t̻s̻ʰ,,ts̻ʰ,aspirated_voiceless_laminal_alveolar_sibilant_affricate_consonant
dz_u0064u033Bu007Au033B,d̻z̻,,dz̻,voiced_laminal_alveolar_sibilant_affricate_consonant
ntsh_u004Eu0074u033Bu0073u033Bu02B0,Nt̻s̻ʰ,,,
ndz_u004Eu0064u033Bu007Au033B,Nd̻z̻,,,
tch_u0074u0255u02B0,tɕʰ,,tɕʰ,aspirated_voiceless_alveolo-palatal_sibilant_affricate_consonant
ntch_u004Eu0074u0255u02B0,Ntɕʰ,,,
ndz_u004Eu0064u0291,Ndʑ,,,
tr_u0288u027D,ʈɽ,,,
trh_u0288u027Du02B0,ʈɽʰ,,,
dr_u0256u027D,ɖɽ,,,
ntrh_u004Eu0288u027Du02B0,Nʈɽʰ,,,
ndr_u004Eu0256u027D,Nɖɽ,,,
r_u027D,ɽ,,ɽ,voiced_retroflex_tap_consonant
s_u0073u032A,s̪,,s̪,voiceless_dental_sibilant_fricative_consonant
z_u007Au032A,z̪,,z̪,voiced_dental_sibilant_fricative_consonant
s_u0073u033B,s̻,,s̻,voiceless_laminal_alveolar_sibilant_fricative_consonant
z_u007Au033B,z̻,,z̻,voiced_laminal_alveolar_sibilant_fricative_consonant
z_u007Au0329,z̩,,z̩,syllabic_voiced_alveolar_sibilant_fricative_consonant
v_u0076u0329,v̩,,v̩,syllabic_voiced_labio-dental_fricative_consonant
ar_u0061u02DE,a˞,,a˞,rhotacized_unrounded_open_front_vowel
sj_u0073u02B2,sʲ,,sʲ,palatalized_voiceless_alveolar_sibilant_fricative_consonant
tj_u0074u02B2u02D0,tʲː,,tʲː,palatalized_long_voiceless_alveolar_stop_consonant
sj_u0073u02B2u02D0,sʲː,,sʲː,palatalized_long_voiceless_alveolar_sibilant_fricative_consonant
i_u0069u02D0u02D0,iːː,,iːː,ultra-long_unrounded_close_front_vowel
y_u0079u02D1,yˑ,,yˑ,mid-long_rounded_close_front_vowel
y_u0079u02D0u02D0,yːː,,yːː,ultra-long_rounded_close_front_vowel
e_u0065u02D1,eˑ,,eˑ,mid-long_unrounded_close-mid_front_vowel
e_u0065u02D0u02D0,eːː,,eːː,ultra-long_unrounded_close-mid_front_vowel
o_u00F8u02D1,øˑ,,øˑ,mid-long_rounded_close-mid_front_vowel
o_u00F8u02D0u02D0,øːː,,øːː,ultra-long_rounded_close-mid_front_vowel
ae_u00E6u02D1,æˑ,,æˑ,mid-long_unrounded_near-open_front_vowel
ae_u00E6u02D0u02D0,æːː,,æːː,ultra-long_unrounded_near-open_front_vowel
u_u0075u02D1,uˑ,,uˑ,mid-long_rounded_close_back_vowel
u_u0075u02D0u02D0,uːː,,uːː,ultra-long_rounded_close_back_vowel
u_u0264u02D1,ɤˑ,,ɤˑ,mid-long_unrounded_close-mid_back_vowel
u_u0264u02D0,ɤː,,ɤː,long_unrounded_close-mid_back_vowel
u_u0264u02D0u02D0,ɤːː,,ɤːː,ultra-long_unrounded_close-mid_back_vowel
o_u006Fu02D0u02D0,oːː,,oːː,ultra-long_rounded_close-mid_back_vowel
a_u0251u02D1,ɑˑ,,ɑˑ,mid-long_unrounded_open_back_vowel
a_u0251u02D0u02D0,ɑːː,,ɑːː,ultra-long_unrounded_open_back_vowel
ea_u0065u0251,eɑ,,eɑ,from_unrounded_close-mid_front_to_unrounded_open_back_diphthong
ia_u0069u0251,iɑ,,iɑ,from_unrounded_close_front_to_unrounded_open_back_diphthong
oa_u006Fu0251,oɑ,,oɑ,from_rounded_close-mid_back_to_unrounded_open_back_diphthong
ua_u0075u0251,uɑ,,uɑ,from_rounded_close_back_to_unrounded_open_back_diphthong
ua_u0264u0251,ɤɑ,,ɤɑ,from_unrounded_close-mid_back_to_unrounded_open_back_diphthong
oa_u00F8u0251,øɑ,,øɑ,from_rounded_close-mid_front_to_unrounded_open_back_diphthong
ya_u0079u0251,yɑ,,yɑ,from_rounded_close_front_to_unrounded_open_back_diphthong
oe_u006Fu0065,oe,,oe,from_rounded_close-mid_back_to_unrounded_close-mid_front_diphthong
ue_u0075u0065,ue,,ue,from_rounded_close_back_to_unrounded_close-mid_front_diphthong
ue_u0264u0065,ɤe,,ɤe,from_unrounded_close-mid_back_to_unrounded_close-mid_front_diphthong
aee_u00E6u0065,æe,,æe,from_unrounded_near-open_front_to_unrounded_close-mid_front_diphthong
oe_u00F8u0065,øe,,øe,from_rounded_close-mid_front_to_unrounded_close-mid_front_diphthong
ye_u0079u0065,ye,,ye,from_rounded_close_front_to_unrounded_close-mid_front_diphthong
ai_u0251u0069,ɑi,,ɑi,from_unrounded_open_back_to_unrounded_close_front_diphthong
ui_u0264u0069,ɤi,,ɤi,from_unrounded_close-mid_back_to_unrounded_close_front_diphthong
aei_u00E6u0069,æi,,æi,from_unrounded_near-open_front_to_unrounded_close_front_diphthong
oi_u00F8u0069,øi,,øi,from_rounded_close-mid_front_to_unrounded_close_front_diphthong
yi_u0079u0069,yi,,yi,from_rounded_close_front_to_unrounded_close_front_diphthong
ao_u0251u006F,ɑo,,ɑo,from_unrounded_open_back_to_rounded_close-mid_back_diphthong
io_u0069u006F,io,,io,from_unrounded_close_front_to_rounded_close-mid_back_diphthong
uo_u0075u006F,uo,,uo,from_rounded_close_back_to_rounded_close-mid_back_diphthong
uo_u0264u006F,ɤo,,ɤo,from_unrounded_close-mid_back_to_rounded_close-mid_back_diphthong
aeo_u00E6u006F,æo,,æo,from_unrounded_near-open_front_to_rounded_close-mid_back_diphthong
yo_u0079u006F,yo,,yo,from_rounded_close_front_to_rounded_close-mid_back_diphthong
au_u0251u0075,ɑu,,ɑu,from_unrounded_open_back_to_rounded_close_back_diphthong
uu_u0264u0075,ɤu,,ɤu,from_unrounded_close-mid_back_to_rounded_close_back_diphthong
aeu_u00E6u0075,æu,,æu,from_unrounded_near-open_front_to_rounded_close_back_diphthong
ai_u0250u0303u0069,ɐ̃i,,ɐ̃i,from_nasalized_unrounded_near-open_central_to_unrounded_close_front_diphthong
oi_u006Fu0303u0069,õi,,õi,from_nasalized_rounded_close-mid_back_to_unrounded_close_front_diphthong
ui_u0075u0303u0069,ũi,,ũi,from_nasalized_rounded_close_back_to_unrounded_close_front_diphthong
au_u0250u0303u0075,ɐ̃u,,ɐ̃u,from_nasalized_unrounded_near-open_central_to_rounded_close_back_diphthong
kj_u006Bu02B2,kʲ,,kʲ,palatalized_voiceless_velar_stop_consonant
a_u0252u02D0,ɒː,,ɒː,long_rounded_open_back_vowel
ei_u025Bu026A,ɛɪ,,ɛɪ,from_unrounded_open-mid_front_to_unrounded_near-close_near-front_diphthong
oey_u0153u028F,œʏ,,œʏ,from_rounded_open-mid_front_to_rounded_near-close_near-front_diphthong
eu_u025Eu028A,ɞʊ,,ɞʊ,from_rounded_open-mid_central_to_rounded_near-close_near-back_diphthong
e_u025Bu0259,ɛə,,ɛə,from_unrounded_open-mid_front_to_unrounded_mid_central_diphthong
e_u025Bu0303,ɛ̃,,ɛ̃,nasalized_unrounded_open-mid_front_vowel
ts_u0074u035Cu0073,t͜s,,ts,voiceless_alveolar_sibilant_affricate_consonant
dz_u0064u035Cu007A,d͜z,,dz,voiced_alveolar_sibilant_affricate_consonant
ii_u026Au0069,ɪi,,ɪi,from_unrounded_near-close_near-front_to_unrounded_close_front_diphthong
ei_u0065u031Eu026A,e̞ɪ,,e̞ɪ,from_unrounded_mid_front_to_unrounded_near-close_near-front_diphthong
oou_u0254u006Fu0075u0303,ɔoũ,,,
s_u0073u033A,s̺,,s̺,voiceless_apical_alveolar_sibilant_fricative_consonant
c_u0063u0327,ç,,ç,voiceless_palatal_sibilant_fricative_consonant
kj_u006Bu02B2u02BC,kʲʼ,,kʼʲ,palatalized_voiceless_velar_ejective_stop_consonant
q_u0071u02BC,qʼ,,qʼ,voiceless_uvular_ejective_stop_consonant
ts_u0074u0073u02BC,tsʼ,,tsʼ,voiceless_alveolar_ejective_sibilant_affricate_consonant
tl_u0074u026Cu02BC,tɬʼ,,tɬʼ,voiceless_alveolar_ejective_lateral_affricate_consonant
xj_u0078u02B2,xʲ,,xʲ,palatalized_voiceless_velar_fricative_consonant
xw_u0078u02B7,xʷ,,xʷ,labialized_voiceless_velar_fricative_consonant
m_u02C0u006D,ˀm,,ˀm,pre-glottalized_voiced_bilabial_nasal_consonant
n_u02C0u006E,ˀn,,ˀn,pre-glottalized_voiced_alveolar_nasal_consonant
l_u02C0u006C,ˀl,,ˀl,pre-glottalized_voiced_alveolar_lateral_approximant_consonant
j_u02C0u006A,ˀj,,ˀj,pre-glottalized_voiced_palatal_approximant_consonant
w_u02C0u0077,ˀw,,ˀw,pre-glottalized_voiced_labio-velar_approximant_consonant
fh_u0066u02B0,fʰ,,fʰ,aspirated_voiceless_labio-dental_fricative_consonant
sh_u0283u02B0,ʃʰ,,ʃʰ,aspirated_voiceless_post-alveolar_sibilant_fricative_consonant
ts_u0074u0073u033B,ts̻,,ts̻,voiceless_laminal_alveolar_sibilant_affricate_consonant
ts_u0074u0073u033A,ts̺,,ts̺,voiceless_apical_alveolar_sibilant_affricate_consonant
ch_u0063u02B0,cʰ,,cʰ,aspirated_voiceless_palatal_stop_consonant
r_u0279u0329,ɹ̩,,ɹ̩,syllabic_voiced_alveolar_approximant_consonant
m_u006Du0329,m̩,,m̩,syllabic_voiced_bilabial_nasal_consonant
n_u006Eu0339,n̹,,,
io_u0069u0254,iɔ,,iɔ,from_unrounded_close_front_to_rounded_open-mid_back_diphthong
ia_u0069u0061,ia,,ia,from_unrounded_close_front_to_unrounded_open_front_diphthong
iau_u0069u0061u0075,iau,,,
w_u026Fu0259,ɯə,,ɯə,from_unrounded_close_back_to_unrounded_mid_central_diphthong
gj_u0067u02B2,gʲ,,gʲ,palatalized_voiced_velar_stop_consonant
d_u0256,ɖ,,ɖ,voiced_retroflex_stop_consonant
th_u0288u02B0,ʈʰ,,ʈʰ,aspirated_voiceless_retroflex_stop_consonant
dh_u0256u02B1,ɖʱ,,ɖʱ,breathy_voiced_retroflex_stop_consonant
dzh_u0064u0292u02B1,dʒʱ,,dʒʱ,breathy_voiced_post-alveolar_sibilant_affricate_consonant
rh_u027Du02B1,ɽʱ,,ɽʱ,breathy_voiced_retroflex_tap_consonant
ph_u0070u02B0u02D0,pʰː,,pʰː,aspirated_long_voiceless_bilabial_stop_consonant
t_u0288u02D0,ʈː,,ʈː,long_voiceless_retroflex_stop_consonant
d_u0256u02D0,ɖː,,ɖː,long_voiced_retroflex_stop_consonant
th_u0288u02B0u02D0,ʈʰː,,ʈʰː,aspirated_long_voiceless_retroflex_stop_consonant
dh_u0256u02D0u02B1,ɖːʱ,,ɖʱː,long_breathy_voiced_retroflex_stop_consonant
tsh_u0074u0283u02B0u02D0,tʃʰː,,tʃʰː,aspirated_long_voiceless_post-alveolar_sibilant_affricate_consonant
dzh_u0064u0292u02B1u02D0,dʒʱː,,dʒʱː,long_breathy_voiced_post-alveolar_sibilant_affricate_consonant
v_u028Bu02D0,ʋː,,ʋː,long_voiced_labio-dental_approximant_consonant
_u0259u0303,ə̃,,ə̃,nasalized_unrounded_mid_central_vowel
cc_u0063u0063u0327,cç,,cç,voiceless_palatal_affricate_consonant
ts_u0074u0073u02D0,tsː,,tsː,long_voiceless_alveolar_sibilant_affricate_consonant
dz_u0064u007Au02D0,dzː,,dzː,long_voiced_alveolar_sibilant_affricate_consonant
cc_u0063u0063u0327u02D0,cçː,,cçː,long_voiceless_palatal_affricate_consonant
jj_u025Fu029Du02D0,ɟʝː,,ɟʝː,long_voiced_palatal_affricate_consonant
_u028Cu02D0,ʌː,,ʌː,long_unrounded_open-mid_back_vowel
i_u0069u0319,i̙,,i̙,retracted-tongue-root_unrounded_close_front_vowel
u_u0075u0319,u̙,,u̙,retracted-tongue-root_rounded_close_back_vowel
o_u006Fu0319,o̙,,o̙,retracted-tongue-root_rounded_close-mid_back_vowel
pg_u0070u02E0,pˠ,,pˠ,velarized_voiceless_bilabial_stop_consonant
bg_u0062u02E0,bˠ,,bˠ,velarized_voiced_bilabial_stop_consonant
pj_u0070u02B2,pʲ,,pʲ,palatalized_voiceless_bilabial_stop_consonant
bj_u0062u02B2,bʲ,,bʲ,palatalized_voiced_bilabial_stop_consonant
tg_u0074u032Au02E0,t̪ˠ,,t̪ˠ,velarized_voiceless_dental_stop_consonant
dg_u0064u032Au02E0,d̪ˠ,,d̪ˠ,velarized_voiced_dental_stop_consonant
dj_u0064u02B2,dʲ,,dʲ,palatalized_voiced_alveolar_stop_consonant
fg_u0066u02E0,fˠ,,fˠ,velarized_voiceless_labio-dental_fricative_consonant
fj_u0066u02B2,fʲ,,fʲ,palatalized_voiceless_labio-dental_fricative_consonant
vj_u0076u02B2,vʲ,,vʲ,palatalized_voiced_labio-dental_fricative_consonant
sg_u0073u02E0,sˠ,,sˠ,velarized_voiceless_alveolar_sibilant_fricative_consonant
mg_u006Du02E0,mˠ,,mˠ,velarized_voiced_bilabial_nasal_consonant
mj_u006Du02B2,mʲ,,mʲ,palatalized_voiced_bilabial_nasal_consonant
ng_u006Eu032Au02E0,n̪ˠ,,n̪ˠ,velarized_voiced_dental_nasal_consonant
rg_u027Eu02E0,ɾˠ,,ɾˠ,velarized_voiced_alveolar_tap_consonant
rj_u027Eu02B2,ɾʲ,,ɾʲ,palatalized_voiced_alveolar_tap_consonant
lg_u006Cu032Au02E0,l̪ˠ,,l̪ˠ,velarized_voiced_dental_lateral_approximant_consonant
ua_u0075u0061,ua,,ua,from_rounded_close_back_to_unrounded_open_front_diphthong
i_u0069u0330,ḭ,,ḭ,creaky_unrounded_close_front_vowel
e_u0065u0330,ḛ,,ḛ,creaky_unrounded_close-mid_front_vowel
a_u0061u0330,a̰,,a̰,creaky_unrounded_open_front_vowel
o_u006Fu0330,o̰,,o̰,creaky_rounded_close-mid_back_vowel
u_u0075u0330,ṵ,,ṵ,creaky_rounded_close_back_vowel
a_u0061u0294,aʔ,,,
i_u0069u0294,iʔ,,,
nggw_u014Bu0067u02B7,ŋgʷ,,ŋgʷ,from_voiced_velar_nasal_to_labialized_voiced_velar_stop_cluster
ts_u0288u0282,ʈʂ,,ʈʂ,voiceless_retroflex_sibilant_affricate_consonant
ts_u0288u0282u02D0,ʈʂː,,ʈʂː,long_voiceless_retroflex_sibilant_affricate_consonant
cn_u0063u006E,cn,,,
b_u03B2u02D0,βː,,βː,long_voiced_bilabial_fricative_consonant
nd_u0294u006Eu0064,ʔnd,,,
ngg_u0294u014Bu0067,ʔŋg,,,
m_u0294u006D,ʔm,,,
n_u0294u006E,ʔn,,,
r_u0294u0072u0325,ʔr̥,,,
b_u0294u03B2,ʔβ,,,
j_u0294u006A,ʔj,,,
l_u0294u006C,ʔl,,,
n_u0274,ɴ,,ɴ,voiced_uvular_nasal_consonant
tlh_u0074u026Cu02B0,tɬʰ,,tɬʰ,aspirated_voiceless_alveolar_lateral_affricate_consonant
tl_u0074u026C,tɬ,,tɬ,voiceless_alveolar_lateral_affricate_consonant
gw_u0263u02B7,ɣʷ,,ɣʷ,labialized_voiced_velar_fricative_consonant
e_u025Bu0303u02D0,ɛ̃ː,,ɛ̃ː,long_nasalized_unrounded_open-mid_front_vowel
u_u028Au02D0,ʊː,,ʊː,long_rounded_near-close_near-back_vowel
ig_u0069u02E0,iˠ,,iˠ,velarized_unrounded_close_front_vowel
ig_u026Au02E0,ɪˠ,,ɪˠ,velarized_unrounded_near-close_near-front_vowel
ag_u0061u02E0,aˠ,,aˠ,velarized_unrounded_open_front_vowel
eg_u0065u02E0,eˠ,,eˠ,velarized_unrounded_close-mid_front_vowel
eg_u025Bu02E0,ɛˠ,,ɛˠ,velarized_unrounded_open-mid_front_vowel
eg_u0065u02E0u02D0,eˠː,,eˠː,long_velarized_unrounded_close-mid_front_vowel
eg_u025Bu02E0u02D0,ɛˠː,,ɛˠː,long_velarized_unrounded_open-mid_front_vowel
b_u0294u0062,ʔb,,ʔb,from_voiceless_glottal_stop_to_voiced_bilabial_stop_cluster
d_u0294u0064,ʔd,,ʔd,from_voiceless_glottal_stop_to_voiced_alveolar_stop_cluster
_u2C71,ⱱ,,ⱱ,voiced_labio-dental_tap_consonant
i_u0268u02D0,ɨː,,ɨː,long_unrounded_close_central_vowel
i_u0268u0303,ɨ̃,,ɨ̃,nasalized_unrounded_close_central_vowel
dz_u0256u0290,ɖʐ,,ɖʐ,voiced_retroflex_sibilant_affricate_consonant
tsh_u0288u0282u02B0,ʈʂʰ,,ʈʂʰ,aspirated_voiceless_retroflex_sibilant_affricate_consonant
l_u026B,ɫ,,lˠ,velarized_voiced_alveolar_lateral_approximant_consonant
j_u029D,ʝ,,ʝ,voiced_palatal_fricative_consonant
w_u026Fu02D0,ɯː,,ɯː,long_unrounded_close_back_vowel
je_u006Au025B,jɛ,,,
j_u006Au028C,jʌ,,,
we_u0077u025B,wɛ,,,
w_u0077u028C,wʌ,,,
wi_u026Fu0069,ɯi,,ɯi,from_unrounded_close_back_to_unrounded_close_front_diphthong
tg_u0074u02E0,tˠ,,tˠ,velarized_voiceless_alveolar_stop_consonant
zg_u007Au02E0,zˠ,,zˠ,velarized_voiced_alveolar_sibilant_fricative_consonant
i_u026Au033D,ɪ̽,,ɪ̽,mid-centralized_unrounded_near-close_near-front_vowel
a_u0250u031F,ɐ̟,,ɐ̟,advanced_unrounded_near-open_central_vowel
u_u028Au033D,ʊ̽,,ʊ̽,mid-centralized_rounded_near-close_near-back_vowel
ts_u0074u02D0u0283,tːʃ,,tʃː,long_voiceless_post-alveolar_sibilant_affricate_consonant
ds_u0064u02D0u0283,dːʃ,,,
u_u0289,ʉ,,ʉ,rounded_close_central_vowel
ie_u0069u025B,iɛ,,iɛ,from_unrounded_close_front_to_unrounded_open-mid_front_diphthong
qh_u0071u02B0,qʰ,,qʰ,aspirated_voiceless_uvular_stop_consonant
n_u004E,N,,,
g_u0262,ɢ,,ɢ,voiced_uvular_stop_consonant
tsh_u0074u0282u02B0,tʂʰ,,ʈʂʰ,aspirated_voiceless_retroflex_sibilant_affricate_consonant
dz_u0064u0290,dʐ,,ɖʐ,voiced_retroflex_sibilant_affricate_consonant
ng_u014Bu0325,ŋ̥,,ŋ̊,devoiced_voiced_velar_nasal_consonant
l_u006Cu0325,l̥,,l̥,devoiced_voiced_alveolar_lateral_approximant_consonant
y_u028Eu0325,ʎ̥,,ʎ̥,devoiced_voiced_palatal_lateral_approximant_consonant
i_u0069u0324,i̤,,i̤,breathy_unrounded_close_front_vowel
i_u0069u0324u02D1,i̤ˑ,,i̤ˑ,mid-long_breathy_unrounded_close_front_vowel
i_u0069u0324u02D0,i̤ː,,i̤ː,long_breathy_unrounded_close_front_vowel
e_u0065u0324u02D1,e̤ˑ,,e̤ˑ,mid-long_breathy_unrounded_close-mid_front_vowel
e_u0065u0324u02D0,e̤ː,,e̤ː,long_breathy_unrounded_close-mid_front_vowel
e_u025Bu02D1,ɛˑ,,ɛˑ,mid-long_unrounded_open-mid_front_vowel
e_u025Bu0324,ɛ̤,,ɛ̤,breathy_unrounded_open-mid_front_vowel
e_u025Bu0324u02D1,ɛ̤ˑ,,ɛ̤ˑ,mid-long_breathy_unrounded_open-mid_front_vowel
e_u025Bu0324u02D0,ɛ̤ː,,ɛ̤ː,long_breathy_unrounded_open-mid_front_vowel
a_u0061u0324,a̤,,a̤,breathy_unrounded_open_front_vowel
a_u0061u0324u02D1,a̤ˑ,,a̤ˑ,mid-long_breathy_unrounded_open_front_vowel
a_u0061u0324u02D0,a̤ː,,a̤ː,long_breathy_unrounded_open_front_vowel
o_u0254u02D1,ɔˑ,,ɔˑ,mid-long_rounded_open-mid_back_vowel
o_u0254u0324,ɔ̤,,ɔ̤,breathy_rounded_open-mid_back_vowel
o_u0254u0324u02D1,ɔ̤ˑ,,ɔ̤ˑ,mid-long_breathy_rounded_open-mid_back_vowel
o_u0254u0324u02D0,ɔ̤ː,,ɔ̤ː,long_breathy_rounded_open-mid_back_vowel
o_u006Fu0324,o̤,,o̤,breathy_rounded_close-mid_back_vowel
o_u006Fu0324u02D1,o̤ˑ,,o̤ˑ,mid-long_breathy_rounded_close-mid_back_vowel
o_u006Fu0324u02D0,o̤ː,,o̤ː,long_breathy_rounded_close-mid_back_vowel
u_u0075u0324,ṳ,,ṳ,breathy_rounded_close_back_vowel
u_u0075u0324u02D1,ṳˑ,,ṳˑ,mid-long_breathy_rounded_close_back_vowel
u_u0075u0324u02D0,ṳː,,ṳː,long_breathy_rounded_close_back_vowel
dw_u0064u032Au02B7,d̪ʷ,,d̪ʷ,labialized_voiced_dental_stop_consonant
dw_u0064u02B7,dʷ,,dʷ,labialized_voiced_alveolar_stop_consonant
dj_u0064u032Au02B2,d̪ʲ,,d̪ʲ,palatalized_voiced_dental_stop_consonant
nt_u006Eu032Au0074u032A,n̪t̪,,n̪t̪,from_voiced_dental_nasal_to_voiceless_dental_stop_cluster
nd_u006Eu032Au0064u032A,n̪d̪,,n̪d̪,from_voiced_dental_nasal_to_voiced_dental_stop_cluster
nc_u0272u0063,ɲc,,ɲc,from_voiced_palatal_nasal_to_voiceless_palatal_stop_cluster
nj_u0272u025F,ɲɟ,,ɲɟ,from_voiced_palatal_nasal_to_voiced_palatal_stop_cluster
mpw_u006Du0070u02B7,mpʷ,,mpʷ,from_voiced_bilabial_nasal_to_labialized_voiceless_bilabial_stop_cluster
mbw_u006Du0062u02B7,mbʷ,,mbʷ,from_voiced_bilabial_nasal_to_labialized_voiced_bilabial_stop_cluster
ndw_u006Eu032Au0064u032Au02B7,n̪d̪ʷ,,n̪d̪ʷ,from_voiced_dental_nasal_to_labialized_voiced_dental_stop_cluster
ntw_u006Eu0074u02B7,ntʷ,,ntʷ,from_voiced_alveolar_nasal_to_labialized_voiceless_alveolar_stop_cluster
ndw_u006Eu0064u02B7,ndʷ,,ndʷ,from_voiced_alveolar_nasal_to_labialized_voiced_alveolar_stop_cluster
ngkw_u014Bu006Bu02B7,ŋkʷ,,ŋkʷ,from_voiced_velar_nasal_to_labialized_voiceless_velar_stop_cluster
mpj_u006Du0070u02B2,mpʲ,,mpʲ,from_voiced_bilabial_nasal_to_palatalized_voiceless_bilabial_stop_cluster
mbj_u006Du0062u02B2,mbʲ,,mbʲ,from_voiced_bilabial_nasal_to_palatalized_voiced_bilabial_stop_cluster
ndj_u006Eu032Au0064u032Au02B2,n̪d̪ʲ,,n̪d̪ʲ,from_voiced_dental_nasal_to_palatalized_voiced_dental_stop_cluster
ntj_u006Eu0074u02B2,ntʲ,,ntʲ,from_voiced_alveolar_nasal_to_palatalized_voiceless_alveolar_stop_cluster
ndj_u006Eu0064u02B2,ndʲ,,ndʲ,from_voiced_alveolar_nasal_to_palatalized_voiced_alveolar_stop_cluster
nw_u006Eu032Au02B7,n̪ʷ,,n̪ʷ,labialized_voiced_dental_nasal_consonant
nj_u006Eu032Au02B2,n̪ʲ,,n̪ʲ,palatalized_voiced_dental_nasal_consonant
r_u027A,ɺ,,ɺ,voiced_alveolar_lateral_tap_consonant
rw_u027Au02B7,ɺʷ,,ɺʷ,labialized_voiced_alveolar_lateral_tap_consonant
rj_u027Au02B2,ɺʲ,,ɺʲ,palatalized_voiced_alveolar_lateral_tap_consonant
bw_u03B2u02B7,βʷ,,βʷ,labialized_voiced_bilabial_fricative_consonant
vw_u0076u02B7,vʷ,,vʷ,labialized_voiced_labio-dental_fricative_consonant
sw_u0073u02B7,sʷ,,sʷ,labialized_voiceless_alveolar_sibilant_fricative_consonant
zw_u007Au02B7,zʷ,,zʷ,labialized_voiced_alveolar_sibilant_fricative_consonant
bj_u03B2u02B2,βʲ,,βʲ,palatalized_voiced_bilabial_fricative_consonant
mf_u0271u0066,ɱf,,,
mv_u0271u0076,ɱv,,,
nz_u006Eu007A,nz,,,
mvw_u0271u0076u02B7,ɱvʷ,,,
nsw_u006Eu0073u02B7,nsʷ,,,
nzw_u006Eu007Au02B7,nzʷ,,,
pf_u0070u0066,pf,,pf,voiceless_labio-dental_affricate_consonant
ei_u025Cu026A,ɜɪ,,ɜɪ,from_unrounded_open-mid_central_to_unrounded_near-close_near-front_diphthong
aei_u00E6u02D0u026A,æːɪ,,æːɪ,from_long_unrounded_near-open_front_to_unrounded_near-close_near-front_diphthong
aeu_u00E6u02D0u028A,æːʊ,,æːʊ,from_long_unrounded_near-open_front_to_rounded_near-close_near-back_diphthong
ai_u0251u026A,ɑɪ,,ɑɪ,from_unrounded_open_back_to_unrounded_near-close_near-front_diphthong
au_u0251u028A,ɑʊ,,ɑʊ,from_unrounded_open_back_to_rounded_near-close_near-back_diphthong
n_u0272u030A,ɲ̊,,ɲ̊,devoiced_voiced_palatal_nasal_consonant
i_u0268u031E,ɨ̞,,ɨ̞,lowered_unrounded_close_central_vowel
_u0259u0324,ə̤,,ə̤,breathy_unrounded_mid_central_vowel
w_u026Fu0324,ɯ̤,,ɯ̤,breathy_unrounded_close_back_vowel
c_u0063u02D0,cː,,cː,long_voiceless_palatal_stop_consonant
dh_u0256u02B0,ɖʰ,,ɖʰ,aspirated_voiced_retroflex_stop_consonant
ngj_u014Bu02B2,ŋʲ,,ŋʲ,palatalized_voiced_velar_nasal_consonant
dz_u0064u0291u02D0,dʑː,,dʑː,long_voiced_alveolo-palatal_sibilant_affricate_consonant
n_u006Eu032Au02D0,n̪ː,,n̪ː,long_voiced_dental_nasal_consonant
n_u0273u02D0,ɳː,,ɳː,long_voiced_retroflex_nasal_consonant
c_u0255u02D0,ɕː,,ɕː,long_voiceless_alveolo-palatal_sibilant_fricative_consonant
l_u026Du02D0,ɭː,,ɭː,long_voiced_retroflex_lateral_approximant_consonant
_u2C71u031F,ⱱ̟,,ⱱ̟,advanced_voiced_labio-dental_tap_consonant
j_u0294u006Au0330,ʔj̰,,,
w_u0294u0077u0330,ʔw̰,,,
i_u0069u02E4,iˤ,,iˤ,pharyngealized_unrounded_close_front_vowel
a_u0061u02E4,aˤ,,aˤ,pharyngealized_unrounded_open_front_vowel
u_u0075u02E4,uˤ,,uˤ,pharyngealized_rounded_close_back_vowel
i_u0069u0303u02E4,ĩˤ,,ĩˤ,pharyngealized_nasalized_unrounded_close_front_vowel
e_u0065u0303u02E4,ẽˤ,,ẽˤ,pharyngealized_nasalized_unrounded_close-mid_front_vowel
a_u0061u0303u02E4,ãˤ,,ãˤ,pharyngealized_nasalized_unrounded_open_front_vowel
o_u006Fu0303u02E4,õˤ,,õˤ,pharyngealized_nasalized_rounded_close-mid_back_vowel
u_u0075u0303u02E4,ũˤ,,ũˤ,pharyngealized_nasalized_rounded_close_back_vowel
i_u0069u0330u0303,ḭ̃,,ḭ̃,nasalized_creaky_unrounded_close_front_vowel
e_u0065u0330u0303,ḛ̃,,ḛ̃,nasalized_creaky_unrounded_close-mid_front_vowel
a_u0061u0330u0303,ã̰,,ã̰,nasalized_creaky_unrounded_open_front_vowel
o_u006Fu0330u0303,õ̰,,õ̰,nasalized_creaky_rounded_close-mid_back_vowel
u_u0075u0330u0303,ṵ̃,,ṵ̃,nasalized_creaky_rounded_close_back_vowel
e_u0065u0308,ë,,ë,centralized_unrounded_close-mid_front_vowel
a_u0250u031D,ɐ̝,,ɐ̝,raised_unrounded_near-open_central_vowel
o_u006Fu0308,ö,,ö,centralized_rounded_close-mid_back_vowel
e_u0258,ɘ,,ɘ,unrounded_close-mid_central_vowel
p_u0070u033C,p̼,,,
m_u006Du033C,m̼,,,
v_u0076u033C,v̼,,,
ya_u0079u0061,ya,,ya,from_rounded_close_front_to_unrounded_open_front_diphthong
eo_u0065u0254,eɔ,,eɔ,from_unrounded_close-mid_front_to_rounded_open-mid_back_diphthong
i_u0259u026A,əɪ,,əɪ,from_unrounded_mid_central_to_unrounded_near-close_near-front_diphthong
oa_u006Fu0061,oa,,oa,from_rounded_close-mid_back_to_unrounded_open_front_diphthong
ia_u0259u026Au0061,əɪa,,,
ui_u0259u028Au026A,əʊɪ,,,
ei_u0065u0259u026A,eəɪ,,,
ii_u0069u0259u026A,iəɪ,,,
aui_u0061u028Au026A,aʊɪ,,,
oi_u006Fu0259u026A,oəɪ,,,
dz_u0064u02D0u007A,dːz,,dzː,long_voiced_alveolar_sibilant_affricate_consonant
nggb_u014Bu0067u0062,ŋgb,,ŋgb,from_voiced_velar_nasal_to_voiced_velar-and-bilabial_stop_cluster
w_u0077u0306,w̆,,,
tc_u0074u02D0u0255,tːɕ,,tɕː,long_voiceless_alveolo-palatal_sibilant_affricate_consonant
dz_u0064u02D0u0291,dːʑ,,dʑː,long_voiced_alveolo-palatal_sibilant_affricate_consonant
ngb_u0274u0067u0062,ɴgb,,ɴgb,from_voiced_uvular_nasal_to_voiced_velar-and-bilabial_stop_cluster
dzh_u0064u007Au02B1,dzʱ,,dzʱ,breathy_voiced_alveolar_sibilant_affricate_consonant
bh_u0062u02B0u02D0,bʰː,,bʰː,aspirated_long_voiced_bilabial_stop_consonant
dh_u0064u02B0u02D0,dʰː,,dʰː,aspirated_long_voiced_alveolar_stop_consonant
dh_u0256u02B1u02D0,ɖʱː,,ɖʱː,long_breathy_voiced_retroflex_stop_consonant
tsh_u0074u0073u02B0u02D0,tsʰː,,tsʰː,aspirated_long_voiceless_alveolar_sibilant_affricate_consonant
dzh_u0064u007Au02B1u02D0,dzʱː,,dzʱː,long_breathy_voiced_alveolar_sibilant_affricate_consonant
_u028Cu0303,ʌ̃,,ʌ̃,nasalized_unrounded_open-mid_back_vowel
au_u0250u0289,ɐʉ,,ɐʉ,from_unrounded_near-open_central_to_rounded_close_central_diphthong
aw_u0251u026F,ɑɯ,,ɑɯ,from_unrounded_open_back_to_unrounded_close_back_diphthong
u_u0289u0259,ʉə,,ʉə,from_rounded_close_central_to_unrounded_mid_central_diphthong
kl_u006Bu006C,kl,,,
a_u0251u0330,ɑ̰,,ɑ̰,creaky_unrounded_open_back_vowel
qw_u0071u02B7,qʷ,,qʷ,labialized_voiceless_uvular_stop_consonant
kw_u006Bu02BCu02B7,kʼʷ,,kʼʷ,labialized_voiceless_velar_ejective_stop_consonant
qw_u0071u02BCu02B7,qʼʷ,,qʼʷ,labialized_voiceless_uvular_ejective_stop_consonant
khw_u03C7u02B7,χʷ,,χʷ,labialized_voiceless_uvular_fricative_consonant
n_u0235,ȵ,,ȵ,voiced_alveolo-palatal_nasal_consonant
b_u0299u0325,ʙ̥,,ʙ̥,devoiced_voiced_bilabial_trill_consonant
b_u0299,ʙ,,ʙ,voiced_bilabial_trill_consonant
ndz_u006Eu0064u007A,ndz,,ndz,from_voiced_alveolar_nasal_to_voiced_alveolar_sibilant_affricate_cluster
ndz_u006Eu0064u0290,ndʐ,,nɖʐ,from_voiced_alveolar_nasal_to_voiced_retroflex_sibilant_affricate_cluster
ndz_u006Eu0064u0291,ndʑ,,ndʑ,from_voiced_alveolar_nasal_to_voiced_alveolo-palatal_sibilant_affricate_cluster
z_u007Au0320,z̠,,z̠,retracted_voiced_alveolar_sibilant_fricative_consonant
u_u0075u0320,u̠,,u̠,retracted_rounded_close_back_vowel
p_u0070u0027,p',,pʼ,voiceless_bilabial_ejective_stop_consonant
t_u0074u0027,t',,tʼ,voiceless_alveolar_ejective_stop_consonant
k_u006Bu0027,k',,kʼ,voiceless_velar_ejective_stop_consonant
kw_u006Bu02B7u0027,kʷ',,kʼʷ,labialized_voiceless_velar_ejective_stop_consonant
ts_u0074u0073u0027,ts',,tsʼ,voiceless_alveolar_ejective_sibilant_affricate_consonant
ts_u0074u0283u0027,tʃ',,tʃʼ,voiceless_post-alveolar_ejective_sibilant_affricate_consonant
tl_u0074u026Cu0027,tɬ',,tɬʼ,voiceless_alveolar_ejective_lateral_affricate_consonant
w_u0294u0077,ʔw,,,
tsj_u0074u0283u02B2,tʃʲ,,tʃʲ,palatalized_voiceless_post-alveolar_sibilant_affricate_consonant
rj_u0072u02B2,rʲ,,rʲ,palatalized_voiced_alveolar_trill_consonant
zj_u007Au02B2,zʲ,,zʲ,palatalized_voiced_alveolar_sibilant_fricative_consonant
sj_u0283u02B2u02D0,ʃʲː,,ʃʲː,palatalized_long_voiceless_post-alveolar_sibilant_fricative_consonant
dlz_u0064u006Cu0292,dlʒ,,,
_u01C0,ǀ,,ǀ,voiceless_dental_click_consonant
h_u01C0u02B0,ǀʰ,,ǀʰ,aspirated_voiceless_dental_click_consonant
g_u0067u01C0,gǀ,,gǀ,voiced_dental_click_consonant
n_u207Fu01C0,ⁿǀ,,ⁿǀ,pre-nasalized_voiceless_dental_click_consonant
_u01C0u02BC,ǀʼ,,ǀʼ,voiceless_dental_ejective_click_consonant
_u01C3,ǃ,,ǃ,voiceless_alveolar_click_consonant
h_u01C3u02B0,ǃʰ,,ǃʰ,aspirated_voiceless_alveolar_click_consonant
g_u0067u01C3,gǃ,,gǃ,voiced_alveolar_click_consonant
n_u207Fu01C3,ⁿǃ,,ⁿǃ,pre-nasalized_voiceless_alveolar_click_consonant
_u01C3u02BC,ǃʼ,,ǃʼ,voiceless_alveolar_ejective_click_consonant
_u01C1,ǁ,,ǁ,voiceless_alveolar_lateral_click_consonant
h_u01C1u02B0,ǁʰ,,ǁʰ,aspirated_voiceless_alveolar_lateral_click_consonant
g_u0067u01C1,gǁ,,gǁ,voiced_alveolar_lateral_click_consonant
n_u207Fu01C1,ⁿǁ,,ⁿǁ,pre-nasalized_voiceless_alveolar_lateral_click_consonant
_u01C1u02BC,ǁʼ,,ǁʼ,voiceless_alveolar_ejective_lateral_click_consonant
qkh_u0071u03C7,qχ,,qχ,voiceless_uvular_affricate_consonant
e_u0065u031D,e̝,,e̝,raised_unrounded_close-mid_front_vowel
o_u006Fu031D,o̝,,o̝,raised_rounded_close-mid_back_vowel
i_u026Au02D1,ɪˑ,,ɪˑ,mid-long_unrounded_near-close_near-front_vowel
_u028Cu02D1,ʌˑ,,ʌˑ,mid-long_unrounded_open-mid_back_vowel
u_u028Au02D1,ʊˑ,,ʊˑ,mid-long_rounded_near-close_near-back_vowel
r_u0294u0072,ʔr,,,
d_u00F0u031E,ð̞,,ɹ̪,voiced_dental_approximant_consonant
jh_u025Fu02B1,ɟʱ,,ɟʱ,breathy_voiced_palatal_stop_consonant
mh_u006Du02B1,mʱ,,mʱ,breathy_voiced_bilabial_nasal_consonant
nh_u006Eu02B1,nʱ,,nʱ,breathy_voiced_alveolar_nasal_consonant
nh_u0273u02B1,ɳʱ,,ɳʱ,breathy_voiced_retroflex_nasal_consonant
lh_u006Cu02B1,lʱ,,lʱ,breathy_voiced_alveolar_lateral_approximant_consonant
i_u0069u031E,i̞,,i̞,lowered_unrounded_close_front_vowel
u_u0075u031E,u̞,,u̞,lowered_rounded_close_back_vowel
i_u0069u031Eu02D0,i̞ː,,i̞ː,long_lowered_unrounded_close_front_vowel
u_u0075u031Eu02D0,u̞ː,,u̞ː,long_lowered_rounded_close_back_vowel
ia_u026Au032Fu0061,ɪ̯a,,ɪ̯a,from_non-syllabic_unrounded_near-close_near-front_to_unrounded_open_front_diphthong
ie_u026Au032Fu025B,ɪ̯ɛ,,ɪ̯ɛ,from_non-syllabic_unrounded_near-close_near-front_to_unrounded_open-mid_front_diphthong
iu_u026Au032Fu0075u031E,ɪ̯u̞,,ɪ̯u̞,from_non-syllabic_unrounded_near-close_near-front_to_lowered_rounded_close_back_diphthong
uo_u028Au032Fu0254,ʊ̯ɔ,,ʊ̯ɔ,from_non-syllabic_rounded_near-close_near-back_to_rounded_open-mid_back_diphthong
w_u0295u02B7,ʕʷ,,ʕʷ,labialized_voiced_pharyngeal_fricative_consonant
q_u0071u0027,q',,qʼ,voiceless_uvular_ejective_stop_consonant
qw_u0071u02B7u0027,qʷ',,qʼʷ,labialized_voiceless_uvular_ejective_stop_consonant
m_u006Du0294,mʔ,,mʔ,from_voiced_bilabial_nasal_to_voiceless_glottal_stop_cluster
n_u006Eu0294,nʔ,,nʔ,from_voiced_alveolar_nasal_to_voiceless_glottal_stop_cluster
r_u0279u0294,ɹʔ,,,
l_u006Cu0294,lʔ,,,
w_u0077u0294,wʔ,,,
_u0295u0294,ʕʔ,,,
w_u0295u02B7u0294,ʕʷʔ,,,
ks_u006Bu0073,ks,,,
ae_u0061u025Bu032F,aɛ̯,,aɛ̯,from_unrounded_open_front_to_non-syllabic_unrounded_open-mid_front_diphthong
ao_u0251u0254u032F,ɑɔ̯,,ɑɔ̯,from_unrounded_open_back_to_non-syllabic_rounded_open-mid_back_diphthong
oe_u0254u025Bu032F,ɔɛ̯,,ɔɛ̯,from_rounded_open-mid_back_to_non-syllabic_unrounded_open-mid_front_diphthong
ts_u0074u0283u033A,tʃ̺,,tʃ̺,voiceless_apical_post-alveolar_sibilant_affricate_consonant
tsh_u0074u0283u033Au02B0,tʃ̺ʰ,,tʃ̺ʰ,aspirated_voiceless_apical_post-alveolar_sibilant_affricate_consonant
s_u0283u033A,ʃ̺,,ʃ̺,voiceless_apical_post-alveolar_sibilant_fricative_consonant
r_u0279u033A,ɹ̺,,ɹ̺,voiced_apical_alveolar_approximant_consonant
uai_u0075u0061u0069,uai,,,
iou_u0069u006Fu0075,iou,,,
uei_u0075u0065u0069,uei,,,
tsj_u0074u0073u02B2,tsʲ,,tsʲ,palatalized_voiceless_alveolar_sibilant_affricate_consonant
dzj_u0064u007Au02B2,dzʲ,,dzʲ,palatalized_voiced_alveolar_sibilant_affricate_consonant
dzj_u0064u0292u02B2,dʒʲ,,dʒʲ,palatalized_voiced_post-alveolar_sibilant_affricate_consonant
e_u025C,ɜ,,ɜ,unrounded_open-mid_central_vowel
ae_u0061u025B,aɛ,,aɛ,from_unrounded_open_front_to_unrounded_open-mid_front_diphthong
oe_u0254u025C,ɔɜ,,ɔɜ,from_rounded_open-mid_back_to_unrounded_open-mid_central_diphthong
h_u0267,ɧ,,ɧ,voiceless_palatal-velar_fricative_consonant
u_u0289u031F,ʉ̟,,ʉ̟,advanced_rounded_close_central_vowel
nj_u207Fu025F,ⁿɟ,,ⁿɟ,pre-nasalized_voiced_palatal_stop_consonant
r_u0072u02E4,rˤ,,rˤ,pharyngealized_voiced_alveolar_trill_consonant
z_u007Au02E4,zˤ,,zˤ,pharyngealized_voiced_alveolar_sibilant_fricative_consonant
s_u0283u02E4,ʃˤ,,ʃˤ,pharyngealized_voiceless_post-alveolar_sibilant_fricative_consonant
z_u0292u02E4,ʒˤ,,ʒˤ,pharyngealized_voiced_post-alveolar_sibilant_fricative_consonant
rw_u0281u02B7,ʁʷ,,ʁʷ,labialized_voiced_uvular_fricative_consonant
h_u029C,ʜ,,ʜ,voiceless_epiglottal_fricative_consonant
t_u0074u02E4u02D0,tˤː,,tˤː,pharyngealized_long_voiceless_alveolar_stop_consonant
d_u0064u02E4u02D0,dˤː,,dˤː,pharyngealized_long_voiced_alveolar_stop_consonant
q_u0071u02D0,qː,,qː,long_voiceless_uvular_stop_consonant
s_u0073u02E4u02D0,sˤː,,sˤː,pharyngealized_long_voiceless_alveolar_sibilant_fricative_consonant
z_u007Au02E4u02D0,zˤː,,zˤː,pharyngealized_long_voiced_alveolar_sibilant_fricative_consonant
z_u0292u02E4u02D0,ʒˤː,,ʒˤː,pharyngealized_long_voiced_post-alveolar_sibilant_fricative_consonant
kh_u03C7u02D0,χː,,χː,long_voiceless_uvular_fricative_consonant
khw_u03C7u02B7u02D0,χʷː,,χʷː,labialized_long_voiceless_uvular_fricative_consonant
r_u0281u02D0,ʁː,,ʁː,long_voiced_uvular_fricative_consonant
rw_u0281u02B7u02D0,ʁʷː,,ʁʷː,labialized_long_voiced_uvular_fricative_consonant
l_u006Cu02E4u02D0,lˤː,,lˤː,pharyngealized_long_voiced_alveolar_lateral_approximant_consonant
r_u0072u02E4u02D0,rˤː,,rˤː,pharyngealized_long_voiced_alveolar_trill_consonant
h_u029Cu02D0,ʜː,,ʜː,long_voiceless_epiglottal_fricative_consonant
_u0295u02D0,ʕː,,ʕː,long_voiced_pharyngeal_fricative_consonant
pp_u0070u0070,pp,,pp,from_voiceless_bilabial_stop_to_voiceless_bilabial_stop_cluster
pph_u0070u0070u02B0,ppʰ,,ppʰ,from_voiceless_bilabial_stop_to_aspirated_voiceless_bilabial_stop_cluster
bb_u0062u0062,bb,,bb,from_voiced_bilabial_stop_to_voiced_bilabial_stop_cluster
bbh_u0062u0062u02B1,bbʱ,,bbʱ,from_voiced_bilabial_stop_to_breathy_voiced_bilabial_stop_cluster
tt_u0074u0074,tt,,tt,from_voiceless_alveolar_stop_to_voiceless_alveolar_stop_cluster
tth_u0074u0074u02B0,ttʰ,,ttʰ,from_voiceless_alveolar_stop_to_aspirated_voiceless_alveolar_stop_cluster
dd_u0064u0064,dd,,dd,from_voiced_alveolar_stop_to_voiced_alveolar_stop_cluster
ddh_u0064u0064u02B1,ddʱ,,ddʱ,from_voiced_alveolar_stop_to_breathy_voiced_alveolar_stop_cluster
tt_u0288u0288,ʈʈ,,ʈʈ,from_voiceless_retroflex_stop_to_voiceless_retroflex_stop_cluster
tth_u0288u0288u02B0,ʈʈʰ,,ʈʈʰ,from_voiceless_retroflex_stop_to_aspirated_voiceless_retroflex_stop_cluster
dd_u0256u0256,ɖɖ,,ɖɖ,from_voiced_retroflex_stop_to_voiced_retroflex_stop_cluster
ddh_u0256u0256u02B1,ɖɖʱ,,ɖɖʱ,from_voiced_retroflex_stop_to_breathy_voiced_retroflex_stop_cluster
kk_u006Bu006B,kk,,kk,from_voiceless_velar_stop_to_voiceless_velar_stop_cluster
kkh_u006Bu006Bu02B0,kkʰ,,kkʰ,from_voiceless_velar_stop_to_aspirated_voiceless_velar_stop_cluster
gg_u0067u0067,gg,,gg,from_voiced_velar_stop_to_voiced_velar_stop_cluster
ggh_u0067u0067u02B1,ggʱ,,ggʱ,from_voiced_velar_stop_to_breathy_voiced_velar_stop_cluster
mm_u006Du006D,mm,,,
nn_u006Eu006E,nn,,,
rr_u0072u0072,rr,,,
ss_u0073u0073,ss,,,
tsts_u0074u0073u0074u0073,tsts,,,
dzdz_u0064u007Au0064u007A,dzdz,,,
tsts_u0074u0283u0074u0283,tʃtʃ,,,
tstsh_u0074u0283u0074u0283u02B0,tʃtʃʰ,,,
dzdz_u0064u0292u0064u0292,dʒdʒ,,,
dzdzh_u0064u0292u0064u0292u02B1,dʒdʒʱ,,,
vv_u028Bu028B,ʋʋ,,,
jj_u006Au006A,jj,,,
ll_u006Cu006C,ll,,,
ll_u026Du026D,ɭɭ,,,
ndz_u0272u0064u0292,ɲdʒ,,ɲdʒ,from_voiced_palatal_nasal_to_voiced_post-alveolar_sibilant_affricate_cluster
lz_u006Cu0292,lʒ,,,
bj_u0253u02B2,ɓʲ,,ɓʲ,palatalized_voiced_bilabial_implosive_consonant
e_u0065u003A,e:,,eː,long_unrounded_close-mid_front_vowel
wa_u026Fu0061,ɯa,,ɯa,from_unrounded_close_back_to_unrounded_open_front_diphthong
ld_u006Cu0064,ld,,,
i_u0268u02E4,ɨˤ,,ɨˤ,pharyngealized_unrounded_close_central_vowel
e_u0065u02E4,eˤ,,eˤ,pharyngealized_unrounded_close-mid_front_vowel
o_u006Fu02E4,oˤ,,oˤ,pharyngealized_rounded_close-mid_back_vowel
lz_u026E,ɮ,,ɮ,voiced_alveolar_lateral_fricative_consonant
a_u0250u0330,ɐ̰,,ɐ̰,creaky_unrounded_near-open_central_vowel
ia_u0069u0250,iɐ,,iɐ,from_unrounded_close_front_to_unrounded_near-open_central_diphthong
ua_u0075u0250,uɐ,,uɐ,from_rounded_close_back_to_unrounded_near-open_central_diphthong
r_u0281u031E,ʁ̞,,ʁ̞,voiced_uvular_approximant_consonant
e_u025E,ɞ,,ɞ,rounded_open-mid_central_vowel
a_u0061u02E4u003A,aˤ:,,aˤː,long_pharyngealized_unrounded_open_front_vowel
_u028Cu02E4u02D0,ʌˤː,,ʌˤː,long_pharyngealized_unrounded_open-mid_back_vowel
u_u028Au02E4u02D0,ʊˤː,,ʊˤː,long_pharyngealized_rounded_near-close_near-back_vowel
o_u006Fu02E4u02D0,oˤː,,oˤː,long_pharyngealized_rounded_close-mid_back_vowel
o_u0254u02E4u02D0,ɔˤː,,ɔˤː,long_pharyngealized_rounded_open-mid_back_vowel
ea_u025Bu02D0u0252u032Fu02E4,ɛːɒ̯ˤ,,ɛːɒ̯ˤ,from_long_unrounded_open-mid_front_to_pharyngealized_non-syllabic_rounded_open_back_diphthong
ia_u026Au02D0u0252u032Fu02E4,ɪːɒ̯ˤ,,ɪːɒ̯ˤ,from_long_unrounded_near-close_near-front_to_pharyngealized_non-syllabic_rounded_open_back_diphthong
ua_u028Au02D0u0252u032Fu02E4,ʊːɒ̯ˤ,,ʊːɒ̯ˤ,from_long_rounded_near-close_near-back_to_pharyngealized_non-syllabic_rounded_open_back_diphthong
oa_u006Fu02D0u0252u032Fu0294,oːɒ̯ʔ,,,
r_u0259u0281u031E,əʁ̞,,,
ey_u025Eu028Fu032F,ɞʏ̯,,ɞʏ̯,from_rounded_open-mid_central_to_non-syllabic_rounded_near-close_near-front_diphthong
ao_u0061u0275u032F,aɵ̯,,aɵ̯,from_unrounded_open_front_to_non-syllabic_rounded_close-mid_central_diphthong
rj_u0280u02B2,ʀʲ,,ʀʲ,palatalized_voiced_uvular_trill_consonant
wj_u0077u02B2,wʲ,,wʲ,palatalized_voiced_labio-velar_approximant_consonant
ndz_u004Eu0064u007A,Ndz,,,
ndz_u004Eu0064u0290,Ndʐ,,,
e_u0258u0303,ɘ̃,,ɘ̃,nasalized_unrounded_close-mid_central_vowel
h_u0068u0303,h̃,,h̃,nasalized_voiceless_glottal_fricative_consonant
kx_u006Bu0078,kx,,kx,voiceless_velar_affricate_consonant
v_u0076u0325,v̥,,v̥,devoiced_voiced_labio-dental_fricative_consonant
z_u007Au0325,z̥,,z̥,devoiced_voiced_alveolar_sibilant_fricative_consonant
z_u0292u030A,ʒ̊,,ʒ̊,devoiced_voiced_post-alveolar_sibilant_fricative_consonant
g_u0263u030A,ɣ̊,,ɣ̊,devoiced_voiced_velar_fricative_consonant
aei_u00E6u0069u032F,æi̯,,æi̯,from_unrounded_near-open_front_to_non-syllabic_unrounded_close_front_diphthong
i_u0069u0259u032F,iə̯,,iə̯,from_unrounded_close_front_to_non-syllabic_unrounded_mid_central_diphthong
y_u0079u0259u032F,yə̯,,yə̯,from_rounded_close_front_to_non-syllabic_unrounded_mid_central_diphthong
u_u0075u0259u032F,uə̯,,uə̯,from_rounded_close_back_to_non-syllabic_unrounded_mid_central_diphthong
aeu_u00E6u0075u032F,æu̯,,æu̯,from_unrounded_near-open_front_to_non-syllabic_rounded_close_back_diphthong
